{
  "A1": {
    "precision": 0.5703517587939698,
    "recall": 0.5159090909090909,
    "f1-score": 0.5417661097852029,
    "support": 440.0
  },
  "A2": {
    "precision": 0.5079365079365079,
    "recall": 0.5079365079365079,
    "f1-score": 0.5079365079365079,
    "support": 441.0
  },
  "B1": {
    "precision": 0.467005076142132,
    "recall": 0.41723356009070295,
    "f1-score": 0.4407185628742515,
    "support": 441.0
  },
  "B2": {
    "precision": 0.5603271983640081,
    "recall": 0.6213151927437641,
    "f1-score": 0.589247311827957,
    "support": 441.0
  },
  "C1": {
    "precision": 0.5731414868105515,
    "recall": 0.5419501133786848,
    "f1-score": 0.5571095571095571,
    "support": 441.0
  },
  "C2": {
    "precision": 0.541501976284585,
    "recall": 0.6213151927437641,
    "f1-score": 0.5786694825765576,
    "support": 441.0
  },
  "accuracy": 0.5376181474480152,
  "macro avg": {
    "precision": 0.5367106673886258,
    "recall": 0.5376099429670859,
    "f1-score": 0.535907922018339,
    "support": 2645.0
  },
  "weighted avg": {
    "precision": 0.5366979486395121,
    "recall": 0.5376181474480152,
    "f1-score": 0.5359057072025482,
    "support": 2645.0
  }
}