Модель,Средняя accuracy,Средняя f1-score,accuracy на тесте,f1-score на тесте,accuracy,f1-score
Дообученный BERT,0.5920591764705883,0.5927047647058824,0.624717,0.624,"[0.45994, 0.526833, 0.54384, 0.564626, 0.593348, 0.592215, 0.597506, 0.606198, 0.613757, 0.611867, 0.624339, 0.619426, 0.621693, 0.625094, 0.615646, 0.623961, 0.624717]","[0.465064, 0.511651, 0.552977, 0.568089, 0.595291, 0.595228, 0.597701, 0.604994, 0.614725, 0.610788, 0.62475, 0.618992, 0.622792, 0.625874, 0.618966, 0.624099, 0.624]"
LoRA на BERT,0.4216790714045192,0.4048132506044004,0.44234404536862,0.4353584458571471,"[0.31897203325774753, 0.382464096749811, 0.3994708994708995, 0.41874527588813304, 0.42668178382464095, 0.4293272864701436, 0.42630385487528344, 0.43348450491307633, 0.4436885865457294, 0.43726379440665153, 0.4387755102040816, 0.4406651549508692, 0.4425547996976568, 0.4444444444444444, 0.44234404536862004]","[0.26189421894942483, 0.34904865476809716, 0.3733568141701438, 0.39510626661190085, 0.4041960978125152, 0.423149008593227, 0.421014299260775, 0.4248856890893468, 0.43614719383556894, 0.4274073519539283, 0.4254039746661816, 0.42563566417877213, 0.43360088093567595, 0.435994198383301, 0.43535844585714717]"
RuBERT,0.7339973426119794,0.7347444695975365,0.7266540642722117,0.7279100514242869,"[0.690854119425548, 0.72713529856387, 0.7267573696145124, 0.7377173091458806, 0.7354497354497355, 0.746031746031746, 0.7517006802721088, 0.7380952380952381, 0.7498110355253212, 0.7437641723356009, 0.7266540642722117]","[0.6896251970019308, 0.728945982922866, 0.73013519883098, 0.7365829138772475, 0.7381865138524635, 0.746762519797898, 0.752390431017995, 0.7381150093806975, 0.7501818997021074, 0.7433534477644279, 0.7279100514242869]"
