{
  "A1": {
    "precision": 0.5404157043879908,
    "recall": 0.5318181818181819,
    "f1-score": 0.5360824742268041,
    "support": 440.0
  },
  "A2": {
    "precision": 0.46464646464646464,
    "recall": 0.41723356009070295,
    "f1-score": 0.43966547192353644,
    "support": 441.0
  },
  "B1": {
    "precision": 0.4812206572769953,
    "recall": 0.46485260770975056,
    "f1-score": 0.4728950403690888,
    "support": 441.0
  },
  "B2": {
    "precision": 0.5915178571428571,
    "recall": 0.6009070294784581,
    "f1-score": 0.5961754780652418,
    "support": 441.0
  },
  "C1": {
    "precision": 0.6696428571428571,
    "recall": 0.6802721088435374,
    "f1-score": 0.6749156355455568,
    "support": 441.0
  },
  "C2": {
    "precision": 0.597165991902834,
    "recall": 0.6689342403628118,
    "f1-score": 0.6310160427807486,
    "support": 441.0
  },
  "accuracy": 0.5606805293005671,
  "macro avg": {
    "precision": 0.5574349220833331,
    "recall": 0.5606696213839072,
    "f1-score": 0.5584583571518293,
    "support": 2645.0
  },
  "weighted avg": {
    "precision": 0.5574413565701745,
    "recall": 0.5606805293005671,
    "f1-score": 0.5584668168429163,
    "support": 2645.0
  }
}
