{
  "A1": {
    "precision": 0.28346456692913385,
    "recall": 0.08181818181818182,
    "f1-score": 0.12698412698412698,
    "support": 440.0
  },
  "A2": {
    "precision": 0.2208904109589041,
    "recall": 0.2925170068027211,
    "f1-score": 0.25170731707317073,
    "support": 441.0
  },
  "B1": {
    "precision": 0.17147192716236723,
    "recall": 0.5124716553287982,
    "f1-score": 0.25696418419556566,
    "support": 441.0
  },
  "B2": {
    "precision": 0.27941176470588236,
    "recall": 0.3877551020408163,
    "f1-score": 0.3247863247863248,
    "support": 441.0
  },
  "C1": {
    "precision": 0.0,
    "recall": 0.0,
    "f1-score": 0.0,
    "support": 441.0
  },
  "C2": {
    "precision": 0.0,
    "recall": 0.0,
    "f1-score": 0.0,
    "support": 441.0
  },
  "accuracy": 0.21247637051039697,
  "macro avg": {
    "precision": 0.15920644495938127,
    "recall": 0.21242699099841955,
    "f1-score": 0.16007365883986469,
    "support": 2645.0
  },
  "weighted avg": {
    "precision": 0.15915946646336243,
    "recall": 0.21247637051039697,
    "f1-score": 0.16008616905984796,
    "support": 2645.0
  }
}